,,PLAYER,YRS,G,AB,R,H,2B,3B,HR,RBI,BB,SO,SB,CS,BA
0,1,Jeff McNeil,2,148,533,73,174,39,1,9,62,40,61,4,0,.326
1,2,Freddie Freeman,10,159,612,117,199,47,2,21,100,84,102,13,3,.325
2,3,Joey Meneses,0,56,222,33,72,14,0,13,34,15,52,1,0,.324
3,4,Paul Goldschmidt,9,151,561,106,178,41,0,35,115,79,141,7,0,.317
4,5,Luis Arraez,1,144,547,88,173,31,1,8,49,50,43,4,4,.316
5,6,Aaron Judge,6,157,570,133,177,28,0,62,131,111,175,16,3,.311
6,7,Xander Bogaerts,10,150,557,84,171,38,0,15,73,57,118,8,2,.307
7,8,Yordan Alvarez,2,135,470,95,144,29,2,37,97,78,106,1,1,.306
8,9,Jose Abreu,6,157,601,85,183,40,0,15,75,62,110,0,0,.304
9, ,Andrew Benintendi,4,126,461,54,140,23,3,5,51,52,77,8,3,.304
10,11,Nathaniel Lowe,0,157,593,74,179,26,3,27,76,48,147,2,2,.302
11,12,Tim Anderson,4,79,332,50,100,13,0,6,25,14,55,13,0,.301
12, ,Yonathan Daza,0,113,372,56,112,21,2,2,34,26,58,0,3,.301
13,14,Jose Altuve,9,141,527,103,158,39,0,28,57,66,87,18,1,.300
14, ,Harold Ramirez,0,120,403,46,121,24,0,6,58,19,72,3,5,.300
15,16,Manny Machado,7,150,578,100,172,37,1,32,102,63,133,9,1,.298
16, ,Trea Turner,8,160,652,101,194,39,4,21,100,45,131,27,3,.298
17, ,Steven Kwan,0,147,563,89,168,25,7,6,52,62,60,19,5,.298
18,19,Andres Gimenez,0,146,491,66,146,26,3,17,69,34,112,20,3,.297
19, ,Michael Harris II,0,114,414,75,123,27,3,19,64,21,107,20,2,.297
20,21,Yandy Diaz,3,137,473,71,140,33,0,9,57,78,60,3,3,.296
21, ,Oscar Gonzalez,0,91,362,39,107,27,0,11,43,15,75,1,2,.296
22,23,Rafael Devers,3,141,555,84,164,42,1,27,88,50,114,3,1,.295
23, ,Eloy Jimenez,1,84,292,40,86,12,0,16,54,28,72,0,0,.295
24, ,Vinnie Pasquantino,0,72,258,25,76,10,0,10,26,35,34,1,0,.295
25,26,Nolan Arenado,7,148,557,73,163,42,1,30,103,52,72,5,3,.293
26,27,Jose Iglesias,8,118,439,48,128,30,0,3,47,17,56,2,3,.292
27, ,Starling Marte,8,118,466,76,136,24,5,16,63,26,97,18,9,.292
28,29,Carlos Correa,6,136,522,70,152,24,1,22,64,61,121,0,1,.291
29, ,Lourdes Gurriel Jr.,0,121,453,52,132,32,1,5,52,31,83,3,4,.291
30,31,Bo Bichette,1,159,652,91,189,43,1,24,93,41,155,13,8,.290
31,32,Michael Brantley,0,64,243,28,70,14,1,5,26,31,30,1,1,.288
32,33,Bryce Harper,8,99,370,63,106,28,1,18,65,46,87,11,4,.286
33, ,Christian Arroyo,3,87,280,32,80,16,1,6,36,13,49,5,1,.286
34,35,Gio Urshela,5,144,501,61,143,27,3,13,64,41,96,1,0,.285
35, ,Alejandro Kirk,0,139,470,59,134,19,0,14,63,63,58,0,0,.285
36,37,Donovan Solano,6,80,278,22,79,16,0,4,24,19,61,0,0,.284
37, ,Luis Robert,0,98,380,54,108,18,0,12,56,17,77,11,3,.284
38, ,Julio Rodriguez,0,132,511,84,145,25,3,28,75,40,145,25,7,.284
39,40,Mike Trout,8,119,438,85,124,28,2,40,80,54,139,1,0,.283
40, ,Amed Rosario,3,153,637,86,180,26,9,11,71,25,111,18,4,.283
41, ,Jake McCarthy,0,99,321,53,91,16,3,8,43,23,76,23,3,.283
42,43,Taylor Ward,0,135,495,73,139,22,2,23,65,60,120,5,3,.281
43, ,Nico Hoerner,0,135,481,60,135,22,5,10,55,28,57,20,2,.281
44, ,Brendan Donovan,0,126,391,64,110,21,1,5,45,60,70,2,3,.281
45,46,Jose Ramirez,7,157,601,90,168,44,5,29,126,69,82,20,7,.280
46, ,Alex Verdugo,3,152,593,75,166,39,1,11,74,42,86,1,3,.280
47, ,Alec Bohm,0,152,586,79,164,24,3,13,72,31,110,2,3,.280
48,49,Justin Turner,0,128,468,61,130,36,0,13,81,50,89,3,0,.278
49, ,William Contreras,0,97,334,51,93,14,1,20,45,39,104,2,0,.278
50,1,Jeff McNeil,2,148,533,73,174,39,1,9,62,40,61,4,0,.326
51,2,Freddie Freeman,10,159,612,117,199,47,2,21,100,84,102,13,3,.325
52,3,Joey Meneses,0,56,222,33,72,14,0,13,34,15,52,1,0,.324
53,4,Paul Goldschmidt,9,151,561,106,178,41,0,35,115,79,141,7,0,.317
54,5,Luis Arraez,1,144,547,88,173,31,1,8,49,50,43,4,4,.316
55,6,Aaron Judge,6,157,570,133,177,28,0,62,131,111,175,16,3,.311
56,7,Xander Bogaerts,10,150,557,84,171,38,0,15,73,57,118,8,2,.307
57,8,Yordan Alvarez,2,135,470,95,144,29,2,37,97,78,106,1,1,.306
58,9,Jose Abreu,6,157,601,85,183,40,0,15,75,62,110,0,0,.304
59, ,Andrew Benintendi,4,126,461,54,140,23,3,5,51,52,77,8,3,.304
60,11,Nathaniel Lowe,0,157,593,74,179,26,3,27,76,48,147,2,2,.302
61,12,Tim Anderson,4,79,332,50,100,13,0,6,25,14,55,13,0,.301
62, ,Yonathan Daza,0,113,372,56,112,21,2,2,34,26,58,0,3,.301
63,14,Jose Altuve,9,141,527,103,158,39,0,28,57,66,87,18,1,.300
64, ,Harold Ramirez,0,120,403,46,121,24,0,6,58,19,72,3,5,.300
65,16,Manny Machado,7,150,578,100,172,37,1,32,102,63,133,9,1,.298
66, ,Trea Turner,8,160,652,101,194,39,4,21,100,45,131,27,3,.298
67, ,Steven Kwan,0,147,563,89,168,25,7,6,52,62,60,19,5,.298
68,19,Andres Gimenez,0,146,491,66,146,26,3,17,69,34,112,20,3,.297
69, ,Michael Harris II,0,114,414,75,123,27,3,19,64,21,107,20,2,.297
70,21,Yandy Diaz,3,137,473,71,140,33,0,9,57,78,60,3,3,.296
71, ,Oscar Gonzalez,0,91,362,39,107,27,0,11,43,15,75,1,2,.296
72,23,Rafael Devers,3,141,555,84,164,42,1,27,88,50,114,3,1,.295
73, ,Eloy Jimenez,1,84,292,40,86,12,0,16,54,28,72,0,0,.295
74, ,Vinnie Pasquantino,0,72,258,25,76,10,0,10,26,35,34,1,0,.295
75,26,Nolan Arenado,7,148,557,73,163,42,1,30,103,52,72,5,3,.293
76,27,Jose Iglesias,8,118,439,48,128,30,0,3,47,17,56,2,3,.292
77, ,Starling Marte,8,118,466,76,136,24,5,16,63,26,97,18,9,.292
78,29,Carlos Correa,6,136,522,70,152,24,1,22,64,61,121,0,1,.291
79, ,Lourdes Gurriel Jr.,0,121,453,52,132,32,1,5,52,31,83,3,4,.291
80,31,Bo Bichette,1,159,652,91,189,43,1,24,93,41,155,13,8,.290
81,32,Michael Brantley,0,64,243,28,70,14,1,5,26,31,30,1,1,.288
82,33,Bryce Harper,8,99,370,63,106,28,1,18,65,46,87,11,4,.286
83, ,Christian Arroyo,3,87,280,32,80,16,1,6,36,13,49,5,1,.286
84,35,Gio Urshela,5,144,501,61,143,27,3,13,64,41,96,1,0,.285
85, ,Alejandro Kirk,0,139,470,59,134,19,0,14,63,63,58,0,0,.285
86,37,Donovan Solano,6,80,278,22,79,16,0,4,24,19,61,0,0,.284
87, ,Luis Robert,0,98,380,54,108,18,0,12,56,17,77,11,3,.284
88, ,Julio Rodriguez,0,132,511,84,145,25,3,28,75,40,145,25,7,.284
89,40,Mike Trout,8,119,438,85,124,28,2,40,80,54,139,1,0,.283
90, ,Amed Rosario,3,153,637,86,180,26,9,11,71,25,111,18,4,.283
91, ,Jake McCarthy,0,99,321,53,91,16,3,8,43,23,76,23,3,.283
92,43,Taylor Ward,0,135,495,73,139,22,2,23,65,60,120,5,3,.281
93, ,Nico Hoerner,0,135,481,60,135,22,5,10,55,28,57,20,2,.281
94, ,Brendan Donovan,0,126,391,64,110,21,1,5,45,60,70,2,3,.281
95,46,Jose Ramirez,7,157,601,90,168,44,5,29,126,69,82,20,7,.280
96, ,Alex Verdugo,3,152,593,75,166,39,1,11,74,42,86,1,3,.280
97, ,Alec Bohm,0,152,586,79,164,24,3,13,72,31,110,2,3,.280
98,49,Justin Turner,0,128,468,61,130,36,0,13,81,50,89,3,0,.278
99, ,William Contreras,0,97,334,51,93,14,1,20,45,39,104,2,0,.278
100,1,Jeff McNeil,2,148,533,73,174,39,1,9,62,40,61,4,0,.326
101,2,Freddie Freeman,10,159,612,117,199,47,2,21,100,84,102,13,3,.325
102,3,Joey Meneses,0,56,222,33,72,14,0,13,34,15,52,1,0,.324
103,4,Paul Goldschmidt,9,151,561,106,178,41,0,35,115,79,141,7,0,.317
104,5,Luis Arraez,1,144,547,88,173,31,1,8,49,50,43,4,4,.316
105,6,Aaron Judge,6,157,570,133,177,28,0,62,131,111,175,16,3,.311
106,7,Xander Bogaerts,10,150,557,84,171,38,0,15,73,57,118,8,2,.307
107,8,Yordan Alvarez,2,135,470,95,144,29,2,37,97,78,106,1,1,.306
108,9,Jose Abreu,6,157,601,85,183,40,0,15,75,62,110,0,0,.304
109, ,Andrew Benintendi,4,126,461,54,140,23,3,5,51,52,77,8,3,.304
110,11,Nathaniel Lowe,0,157,593,74,179,26,3,27,76,48,147,2,2,.302
111,12,Tim Anderson,4,79,332,50,100,13,0,6,25,14,55,13,0,.301
112, ,Yonathan Daza,0,113,372,56,112,21,2,2,34,26,58,0,3,.301
113,14,Jose Altuve,9,141,527,103,158,39,0,28,57,66,87,18,1,.300
114, ,Harold Ramirez,0,120,403,46,121,24,0,6,58,19,72,3,5,.300
115,16,Manny Machado,7,150,578,100,172,37,1,32,102,63,133,9,1,.298
116, ,Trea Turner,8,160,652,101,194,39,4,21,100,45,131,27,3,.298
117, ,Steven Kwan,0,147,563,89,168,25,7,6,52,62,60,19,5,.298
118,19,Andres Gimenez,0,146,491,66,146,26,3,17,69,34,112,20,3,.297
119, ,Michael Harris II,0,114,414,75,123,27,3,19,64,21,107,20,2,.297
120,21,Yandy Diaz,3,137,473,71,140,33,0,9,57,78,60,3,3,.296
121, ,Oscar Gonzalez,0,91,362,39,107,27,0,11,43,15,75,1,2,.296
122,23,Rafael Devers,3,141,555,84,164,42,1,27,88,50,114,3,1,.295
123, ,Eloy Jimenez,1,84,292,40,86,12,0,16,54,28,72,0,0,.295
124, ,Vinnie Pasquantino,0,72,258,25,76,10,0,10,26,35,34,1,0,.295
125,26,Nolan Arenado,7,148,557,73,163,42,1,30,103,52,72,5,3,.293
126,27,Jose Iglesias,8,118,439,48,128,30,0,3,47,17,56,2,3,.292
127, ,Starling Marte,8,118,466,76,136,24,5,16,63,26,97,18,9,.292
128,29,Carlos Correa,6,136,522,70,152,24,1,22,64,61,121,0,1,.291
129, ,Lourdes Gurriel Jr.,0,121,453,52,132,32,1,5,52,31,83,3,4,.291
130,31,Bo Bichette,1,159,652,91,189,43,1,24,93,41,155,13,8,.290
131,32,Michael Brantley,0,64,243,28,70,14,1,5,26,31,30,1,1,.288
132,33,Bryce Harper,8,99,370,63,106,28,1,18,65,46,87,11,4,.286
133, ,Christian Arroyo,3,87,280,32,80,16,1,6,36,13,49,5,1,.286
134,35,Gio Urshela,5,144,501,61,143,27,3,13,64,41,96,1,0,.285
135, ,Alejandro Kirk,0,139,470,59,134,19,0,14,63,63,58,0,0,.285
136,37,Donovan Solano,6,80,278,22,79,16,0,4,24,19,61,0,0,.284
137, ,Luis Robert,0,98,380,54,108,18,0,12,56,17,77,11,3,.284
138, ,Julio Rodriguez,0,132,511,84,145,25,3,28,75,40,145,25,7,.284
139,40,Mike Trout,8,119,438,85,124,28,2,40,80,54,139,1,0,.283
140, ,Amed Rosario,3,153,637,86,180,26,9,11,71,25,111,18,4,.283
141, ,Jake McCarthy,0,99,321,53,91,16,3,8,43,23,76,23,3,.283
142,43,Taylor Ward,0,135,495,73,139,22,2,23,65,60,120,5,3,.281
143, ,Nico Hoerner,0,135,481,60,135,22,5,10,55,28,57,20,2,.281
144, ,Brendan Donovan,0,126,391,64,110,21,1,5,45,60,70,2,3,.281
145,46,Jose Ramirez,7,157,601,90,168,44,5,29,126,69,82,20,7,.280
146, ,Alex Verdugo,3,152,593,75,166,39,1,11,74,42,86,1,3,.280
147, ,Alec Bohm,0,152,586,79,164,24,3,13,72,31,110,2,3,.280
148,49,Justin Turner,0,128,468,61,130,36,0,13,81,50,89,3,0,.278
149, ,William Contreras,0,97,334,51,93,14,1,20,45,39,104,2,0,.278
150,1,Jeff McNeil,2,148,533,73,174,39,1,9,62,40,61,4,0,.326
151,2,Freddie Freeman,10,159,612,117,199,47,2,21,100,84,102,13,3,.325
152,3,Joey Meneses,0,56,222,33,72,14,0,13,34,15,52,1,0,.324
153,4,Paul Goldschmidt,9,151,561,106,178,41,0,35,115,79,141,7,0,.317
154,5,Luis Arraez,1,144,547,88,173,31,1,8,49,50,43,4,4,.316
155,6,Aaron Judge,6,157,570,133,177,28,0,62,131,111,175,16,3,.311
156,7,Xander Bogaerts,10,150,557,84,171,38,0,15,73,57,118,8,2,.307
157,8,Yordan Alvarez,2,135,470,95,144,29,2,37,97,78,106,1,1,.306
158,9,Jose Abreu,6,157,601,85,183,40,0,15,75,62,110,0,0,.304
159, ,Andrew Benintendi,4,126,461,54,140,23,3,5,51,52,77,8,3,.304
160,11,Nathaniel Lowe,0,157,593,74,179,26,3,27,76,48,147,2,2,.302
161,12,Tim Anderson,4,79,332,50,100,13,0,6,25,14,55,13,0,.301
162, ,Yonathan Daza,0,113,372,56,112,21,2,2,34,26,58,0,3,.301
163,14,Jose Altuve,9,141,527,103,158,39,0,28,57,66,87,18,1,.300
164, ,Harold Ramirez,0,120,403,46,121,24,0,6,58,19,72,3,5,.300
165,16,Manny Machado,7,150,578,100,172,37,1,32,102,63,133,9,1,.298
166, ,Trea Turner,8,160,652,101,194,39,4,21,100,45,131,27,3,.298
167, ,Steven Kwan,0,147,563,89,168,25,7,6,52,62,60,19,5,.298
168,19,Andres Gimenez,0,146,491,66,146,26,3,17,69,34,112,20,3,.297
169, ,Michael Harris II,0,114,414,75,123,27,3,19,64,21,107,20,2,.297
170,21,Yandy Diaz,3,137,473,71,140,33,0,9,57,78,60,3,3,.296
171, ,Oscar Gonzalez,0,91,362,39,107,27,0,11,43,15,75,1,2,.296
172,23,Rafael Devers,3,141,555,84,164,42,1,27,88,50,114,3,1,.295
173, ,Eloy Jimenez,1,84,292,40,86,12,0,16,54,28,72,0,0,.295
174, ,Vinnie Pasquantino,0,72,258,25,76,10,0,10,26,35,34,1,0,.295
175,26,Nolan Arenado,7,148,557,73,163,42,1,30,103,52,72,5,3,.293
176,27,Jose Iglesias,8,118,439,48,128,30,0,3,47,17,56,2,3,.292
177, ,Starling Marte,8,118,466,76,136,24,5,16,63,26,97,18,9,.292
178,29,Carlos Correa,6,136,522,70,152,24,1,22,64,61,121,0,1,.291
179, ,Lourdes Gurriel Jr.,0,121,453,52,132,32,1,5,52,31,83,3,4,.291
180,31,Bo Bichette,1,159,652,91,189,43,1,24,93,41,155,13,8,.290
181,32,Michael Brantley,0,64,243,28,70,14,1,5,26,31,30,1,1,.288
182,33,Bryce Harper,8,99,370,63,106,28,1,18,65,46,87,11,4,.286
183, ,Christian Arroyo,3,87,280,32,80,16,1,6,36,13,49,5,1,.286
184,35,Gio Urshela,5,144,501,61,143,27,3,13,64,41,96,1,0,.285
185, ,Alejandro Kirk,0,139,470,59,134,19,0,14,63,63,58,0,0,.285
186,37,Donovan Solano,6,80,278,22,79,16,0,4,24,19,61,0,0,.284
187, ,Luis Robert,0,98,380,54,108,18,0,12,56,17,77,11,3,.284
188, ,Julio Rodriguez,0,132,511,84,145,25,3,28,75,40,145,25,7,.284
189,40,Mike Trout,8,119,438,85,124,28,2,40,80,54,139,1,0,.283
190, ,Amed Rosario,3,153,637,86,180,26,9,11,71,25,111,18,4,.283
191, ,Jake McCarthy,0,99,321,53,91,16,3,8,43,23,76,23,3,.283
192,43,Taylor Ward,0,135,495,73,139,22,2,23,65,60,120,5,3,.281
193, ,Nico Hoerner,0,135,481,60,135,22,5,10,55,28,57,20,2,.281
194, ,Brendan Donovan,0,126,391,64,110,21,1,5,45,60,70,2,3,.281
195,46,Jose Ramirez,7,157,601,90,168,44,5,29,126,69,82,20,7,.280
196, ,Alex Verdugo,3,152,593,75,166,39,1,11,74,42,86,1,3,.280
197, ,Alec Bohm,0,152,586,79,164,24,3,13,72,31,110,2,3,.280
198,49,Justin Turner,0,128,468,61,130,36,0,13,81,50,89,3,0,.278
199, ,William Contreras,0,97,334,51,93,14,1,20,45,39,104,2,0,.278
200,1,Jeff McNeil,2,148,533,73,174,39,1,9,62,40,61,4,0,.326
201,2,Freddie Freeman,10,159,612,117,199,47,2,21,100,84,102,13,3,.325
202,3,Joey Meneses,0,56,222,33,72,14,0,13,34,15,52,1,0,.324
203,4,Paul Goldschmidt,9,151,561,106,178,41,0,35,115,79,141,7,0,.317
204,5,Luis Arraez,1,144,547,88,173,31,1,8,49,50,43,4,4,.316
205,6,Aaron Judge,6,157,570,133,177,28,0,62,131,111,175,16,3,.311
206,7,Xander Bogaerts,10,150,557,84,171,38,0,15,73,57,118,8,2,.307
207,8,Yordan Alvarez,2,135,470,95,144,29,2,37,97,78,106,1,1,.306
208,9,Jose Abreu,6,157,601,85,183,40,0,15,75,62,110,0,0,.304
209, ,Andrew Benintendi,4,126,461,54,140,23,3,5,51,52,77,8,3,.304
210,11,Nathaniel Lowe,0,157,593,74,179,26,3,27,76,48,147,2,2,.302
211,12,Tim Anderson,4,79,332,50,100,13,0,6,25,14,55,13,0,.301
212, ,Yonathan Daza,0,113,372,56,112,21,2,2,34,26,58,0,3,.301
213,14,Jose Altuve,9,141,527,103,158,39,0,28,57,66,87,18,1,.300
214, ,Harold Ramirez,0,120,403,46,121,24,0,6,58,19,72,3,5,.300
215,16,Manny Machado,7,150,578,100,172,37,1,32,102,63,133,9,1,.298
216, ,Trea Turner,8,160,652,101,194,39,4,21,100,45,131,27,3,.298
217, ,Steven Kwan,0,147,563,89,168,25,7,6,52,62,60,19,5,.298
218,19,Andres Gimenez,0,146,491,66,146,26,3,17,69,34,112,20,3,.297
219, ,Michael Harris II,0,114,414,75,123,27,3,19,64,21,107,20,2,.297
220,21,Yandy Diaz,3,137,473,71,140,33,0,9,57,78,60,3,3,.296
221, ,Oscar Gonzalez,0,91,362,39,107,27,0,11,43,15,75,1,2,.296
222,23,Rafael Devers,3,141,555,84,164,42,1,27,88,50,114,3,1,.295
223, ,Eloy Jimenez,1,84,292,40,86,12,0,16,54,28,72,0,0,.295
224, ,Vinnie Pasquantino,0,72,258,25,76,10,0,10,26,35,34,1,0,.295
225,26,Nolan Arenado,7,148,557,73,163,42,1,30,103,52,72,5,3,.293
226,27,Jose Iglesias,8,118,439,48,128,30,0,3,47,17,56,2,3,.292
227, ,Starling Marte,8,118,466,76,136,24,5,16,63,26,97,18,9,.292
228,29,Carlos Correa,6,136,522,70,152,24,1,22,64,61,121,0,1,.291
229, ,Lourdes Gurriel Jr.,0,121,453,52,132,32,1,5,52,31,83,3,4,.291
230,31,Bo Bichette,1,159,652,91,189,43,1,24,93,41,155,13,8,.290
231,32,Michael Brantley,0,64,243,28,70,14,1,5,26,31,30,1,1,.288
232,33,Bryce Harper,8,99,370,63,106,28,1,18,65,46,87,11,4,.286
233, ,Christian Arroyo,3,87,280,32,80,16,1,6,36,13,49,5,1,.286
234,35,Gio Urshela,5,144,501,61,143,27,3,13,64,41,96,1,0,.285
235, ,Alejandro Kirk,0,139,470,59,134,19,0,14,63,63,58,0,0,.285
236,37,Donovan Solano,6,80,278,22,79,16,0,4,24,19,61,0,0,.284
237, ,Luis Robert,0,98,380,54,108,18,0,12,56,17,77,11,3,.284
238, ,Julio Rodriguez,0,132,511,84,145,25,3,28,75,40,145,25,7,.284
239,40,Mike Trout,8,119,438,85,124,28,2,40,80,54,139,1,0,.283
240, ,Amed Rosario,3,153,637,86,180,26,9,11,71,25,111,18,4,.283
241, ,Jake McCarthy,0,99,321,53,91,16,3,8,43,23,76,23,3,.283
242,43,Taylor Ward,0,135,495,73,139,22,2,23,65,60,120,5,3,.281
243, ,Nico Hoerner,0,135,481,60,135,22,5,10,55,28,57,20,2,.281
244, ,Brendan Donovan,0,126,391,64,110,21,1,5,45,60,70,2,3,.281
245,46,Jose Ramirez,7,157,601,90,168,44,5,29,126,69,82,20,7,.280
246, ,Alex Verdugo,3,152,593,75,166,39,1,11,74,42,86,1,3,.280
247, ,Alec Bohm,0,152,586,79,164,24,3,13,72,31,110,2,3,.280
248,49,Justin Turner,0,128,468,61,130,36,0,13,81,50,89,3,0,.278
249, ,William Contreras,0,97,334,51,93,14,1,20,45,39,104,2,0,.278
250,1,Jeff McNeil,2,148,533,73,174,39,1,9,62,40,61,4,0,.326
251,2,Freddie Freeman,10,159,612,117,199,47,2,21,100,84,102,13,3,.325
252,3,Joey Meneses,0,56,222,33,72,14,0,13,34,15,52,1,0,.324
253,4,Paul Goldschmidt,9,151,561,106,178,41,0,35,115,79,141,7,0,.317
254,5,Luis Arraez,1,144,547,88,173,31,1,8,49,50,43,4,4,.316
255,6,Aaron Judge,6,157,570,133,177,28,0,62,131,111,175,16,3,.311
256,7,Xander Bogaerts,10,150,557,84,171,38,0,15,73,57,118,8,2,.307
257,8,Yordan Alvarez,2,135,470,95,144,29,2,37,97,78,106,1,1,.306
258,9,Jose Abreu,6,157,601,85,183,40,0,15,75,62,110,0,0,.304
259, ,Andrew Benintendi,4,126,461,54,140,23,3,5,51,52,77,8,3,.304
260,11,Nathaniel Lowe,0,157,593,74,179,26,3,27,76,48,147,2,2,.302
261,12,Tim Anderson,4,79,332,50,100,13,0,6,25,14,55,13,0,.301
262, ,Yonathan Daza,0,113,372,56,112,21,2,2,34,26,58,0,3,.301
263,14,Jose Altuve,9,141,527,103,158,39,0,28,57,66,87,18,1,.300
264, ,Harold Ramirez,0,120,403,46,121,24,0,6,58,19,72,3,5,.300
265,16,Manny Machado,7,150,578,100,172,37,1,32,102,63,133,9,1,.298
266, ,Trea Turner,8,160,652,101,194,39,4,21,100,45,131,27,3,.298
267, ,Steven Kwan,0,147,563,89,168,25,7,6,52,62,60,19,5,.298
268,19,Andres Gimenez,0,146,491,66,146,26,3,17,69,34,112,20,3,.297
269, ,Michael Harris II,0,114,414,75,123,27,3,19,64,21,107,20,2,.297
270,21,Yandy Diaz,3,137,473,71,140,33,0,9,57,78,60,3,3,.296
271, ,Oscar Gonzalez,0,91,362,39,107,27,0,11,43,15,75,1,2,.296
272,23,Rafael Devers,3,141,555,84,164,42,1,27,88,50,114,3,1,.295
273, ,Eloy Jimenez,1,84,292,40,86,12,0,16,54,28,72,0,0,.295
274, ,Vinnie Pasquantino,0,72,258,25,76,10,0,10,26,35,34,1,0,.295
275,26,Nolan Arenado,7,148,557,73,163,42,1,30,103,52,72,5,3,.293
276,27,Jose Iglesias,8,118,439,48,128,30,0,3,47,17,56,2,3,.292
277, ,Starling Marte,8,118,466,76,136,24,5,16,63,26,97,18,9,.292
278,29,Carlos Correa,6,136,522,70,152,24,1,22,64,61,121,0,1,.291
279, ,Lourdes Gurriel Jr.,0,121,453,52,132,32,1,5,52,31,83,3,4,.291
280,31,Bo Bichette,1,159,652,91,189,43,1,24,93,41,155,13,8,.290
281,32,Michael Brantley,0,64,243,28,70,14,1,5,26,31,30,1,1,.288
282,33,Bryce Harper,8,99,370,63,106,28,1,18,65,46,87,11,4,.286
283, ,Christian Arroyo,3,87,280,32,80,16,1,6,36,13,49,5,1,.286
284,35,Gio Urshela,5,144,501,61,143,27,3,13,64,41,96,1,0,.285
285, ,Alejandro Kirk,0,139,470,59,134,19,0,14,63,63,58,0,0,.285
286,37,Donovan Solano,6,80,278,22,79,16,0,4,24,19,61,0,0,.284
287, ,Luis Robert,0,98,380,54,108,18,0,12,56,17,77,11,3,.284
288, ,Julio Rodriguez,0,132,511,84,145,25,3,28,75,40,145,25,7,.284
289,40,Mike Trout,8,119,438,85,124,28,2,40,80,54,139,1,0,.283
290, ,Amed Rosario,3,153,637,86,180,26,9,11,71,25,111,18,4,.283
291, ,Jake McCarthy,0,99,321,53,91,16,3,8,43,23,76,23,3,.283
292,43,Taylor Ward,0,135,495,73,139,22,2,23,65,60,120,5,3,.281
293, ,Nico Hoerner,0,135,481,60,135,22,5,10,55,28,57,20,2,.281
294, ,Brendan Donovan,0,126,391,64,110,21,1,5,45,60,70,2,3,.281
295,46,Jose Ramirez,7,157,601,90,168,44,5,29,126,69,82,20,7,.280
296, ,Alex Verdugo,3,152,593,75,166,39,1,11,74,42,86,1,3,.280
297, ,Alec Bohm,0,152,586,79,164,24,3,13,72,31,110,2,3,.280
298,49,Justin Turner,0,128,468,61,130,36,0,13,81,50,89,3,0,.278
299, ,William Contreras,0,97,334,51,93,14,1,20,45,39,104,2,0,.278
300,1,Jeff McNeil,2,148,533,73,174,39,1,9,62,40,61,4,0,.326
301,2,Freddie Freeman,10,159,612,117,199,47,2,21,100,84,102,13,3,.325
302,3,Joey Meneses,0,56,222,33,72,14,0,13,34,15,52,1,0,.324
303,4,Paul Goldschmidt,9,151,561,106,178,41,0,35,115,79,141,7,0,.317
304,5,Luis Arraez,1,144,547,88,173,31,1,8,49,50,43,4,4,.316
305,6,Aaron Judge,6,157,570,133,177,28,0,62,131,111,175,16,3,.311
306,7,Xander Bogaerts,10,150,557,84,171,38,0,15,73,57,118,8,2,.307
307,8,Yordan Alvarez,2,135,470,95,144,29,2,37,97,78,106,1,1,.306
308,9,Jose Abreu,6,157,601,85,183,40,0,15,75,62,110,0,0,.304
309, ,Andrew Benintendi,4,126,461,54,140,23,3,5,51,52,77,8,3,.304
310,11,Nathaniel Lowe,0,157,593,74,179,26,3,27,76,48,147,2,2,.302
311,12,Tim Anderson,4,79,332,50,100,13,0,6,25,14,55,13,0,.301
312, ,Yonathan Daza,0,113,372,56,112,21,2,2,34,26,58,0,3,.301
313,14,Jose Altuve,9,141,527,103,158,39,0,28,57,66,87,18,1,.300
314, ,Harold Ramirez,0,120,403,46,121,24,0,6,58,19,72,3,5,.300
315,16,Manny Machado,7,150,578,100,172,37,1,32,102,63,133,9,1,.298
316, ,Trea Turner,8,160,652,101,194,39,4,21,100,45,131,27,3,.298
317, ,Steven Kwan,0,147,563,89,168,25,7,6,52,62,60,19,5,.298
318,19,Andres Gimenez,0,146,491,66,146,26,3,17,69,34,112,20,3,.297
319, ,Michael Harris II,0,114,414,75,123,27,3,19,64,21,107,20,2,.297
320,21,Yandy Diaz,3,137,473,71,140,33,0,9,57,78,60,3,3,.296
321, ,Oscar Gonzalez,0,91,362,39,107,27,0,11,43,15,75,1,2,.296
322,23,Rafael Devers,3,141,555,84,164,42,1,27,88,50,114,3,1,.295
323, ,Eloy Jimenez,1,84,292,40,86,12,0,16,54,28,72,0,0,.295
324, ,Vinnie Pasquantino,0,72,258,25,76,10,0,10,26,35,34,1,0,.295
325,26,Nolan Arenado,7,148,557,73,163,42,1,30,103,52,72,5,3,.293
326,27,Jose Iglesias,8,118,439,48,128,30,0,3,47,17,56,2,3,.292
327, ,Starling Marte,8,118,466,76,136,24,5,16,63,26,97,18,9,.292
328,29,Carlos Correa,6,136,522,70,152,24,1,22,64,61,121,0,1,.291
329, ,Lourdes Gurriel Jr.,0,121,453,52,132,32,1,5,52,31,83,3,4,.291
330,31,Bo Bichette,1,159,652,91,189,43,1,24,93,41,155,13,8,.290
331,32,Michael Brantley,0,64,243,28,70,14,1,5,26,31,30,1,1,.288
332,33,Bryce Harper,8,99,370,63,106,28,1,18,65,46,87,11,4,.286
333, ,Christian Arroyo,3,87,280,32,80,16,1,6,36,13,49,5,1,.286
334,35,Gio Urshela,5,144,501,61,143,27,3,13,64,41,96,1,0,.285
335, ,Alejandro Kirk,0,139,470,59,134,19,0,14,63,63,58,0,0,.285
336,37,Donovan Solano,6,80,278,22,79,16,0,4,24,19,61,0,0,.284
337, ,Luis Robert,0,98,380,54,108,18,0,12,56,17,77,11,3,.284
338, ,Julio Rodriguez,0,132,511,84,145,25,3,28,75,40,145,25,7,.284
339,40,Mike Trout,8,119,438,85,124,28,2,40,80,54,139,1,0,.283
340, ,Amed Rosario,3,153,637,86,180,26,9,11,71,25,111,18,4,.283
341, ,Jake McCarthy,0,99,321,53,91,16,3,8,43,23,76,23,3,.283
342,43,Taylor Ward,0,135,495,73,139,22,2,23,65,60,120,5,3,.281
343, ,Nico Hoerner,0,135,481,60,135,22,5,10,55,28,57,20,2,.281
344, ,Brendan Donovan,0,126,391,64,110,21,1,5,45,60,70,2,3,.281
345,46,Jose Ramirez,7,157,601,90,168,44,5,29,126,69,82,20,7,.280
346, ,Alex Verdugo,3,152,593,75,166,39,1,11,74,42,86,1,3,.280
347, ,Alec Bohm,0,152,586,79,164,24,3,13,72,31,110,2,3,.280
348,49,Justin Turner,0,128,468,61,130,36,0,13,81,50,89,3,0,.278
349, ,William Contreras,0,97,334,51,93,14,1,20,45,39,104,2,0,.278
